-- --------------------------------------------------------
-- Host:                         127.0.0.1
-- Server version:               8.0.42 - MySQL Community Server - GPL
-- Server OS:                    Win64
-- HeidiSQL Version:             12.10.0.7000
-- --------------------------------------------------------

/*!40101 SET @OLD_CHARACTER_SET_CLIENT=@@CHARACTER_SET_CLIENT */;
/*!40101 SET NAMES utf8 */;
/*!50503 SET NAMES utf8mb4 */;
/*!40103 SET @OLD_TIME_ZONE=@@TIME_ZONE */;
/*!40103 SET TIME_ZONE='+00:00' */;
/*!40014 SET @OLD_FOREIGN_KEY_CHECKS=@@FOREIGN_KEY_CHECKS, FOREIGN_KEY_CHECKS=0 */;
/*!40101 SET @OLD_SQL_MODE=@@SQL_MODE, SQL_MODE='NO_AUTO_VALUE_ON_ZERO' */;
/*!40111 SET @OLD_SQL_NOTES=@@SQL_NOTES, SQL_NOTES=0 */;


-- Dumping database structure for toko_games
DROP DATABASE IF EXISTS `toko_games`;
CREATE DATABASE IF NOT EXISTS `toko_games` /*!40100 DEFAULT CHARACTER SET utf8mb4 COLLATE utf8mb4_general_ci */ /*!80016 DEFAULT ENCRYPTION='N' */;
USE `toko_games`;

-- Dumping structure for table toko_games.cart
DROP TABLE IF EXISTS `cart`;
CREATE TABLE IF NOT EXISTS `cart` (
  `id` int NOT NULL AUTO_INCREMENT,
  `user_id` int NOT NULL,
  `produk_id` int NOT NULL,
  `quantity` int NOT NULL,
  PRIMARY KEY (`id`),
  KEY `user_id` (`user_id`),
  KEY `produk_id` (`produk_id`),
  CONSTRAINT `cart_ibfk_1` FOREIGN KEY (`user_id`) REFERENCES `users` (`id`) ON DELETE CASCADE,
  CONSTRAINT `cart_ibfk_2` FOREIGN KEY (`produk_id`) REFERENCES `produk` (`id`) ON DELETE CASCADE
) ENGINE=InnoDB AUTO_INCREMENT=203 DEFAULT CHARSET=utf8mb4 COLLATE=utf8mb4_general_ci;

-- Dumping data for table toko_games.cart: ~1 rows (approximately)
DELETE FROM `cart`;
INSERT INTO `cart` (`id`, `user_id`, `produk_id`, `quantity`) VALUES
	(14, 13, 75, 1);

-- Dumping structure for table toko_games.kategori
DROP TABLE IF EXISTS `kategori`;
CREATE TABLE IF NOT EXISTS `kategori` (
  `id` int NOT NULL AUTO_INCREMENT,
  `nama` varchar(100) COLLATE utf8mb4_general_ci DEFAULT NULL,
  PRIMARY KEY (`id`)
) ENGINE=InnoDB AUTO_INCREMENT=21 DEFAULT CHARSET=utf8mb4 COLLATE=utf8mb4_general_ci;

-- Dumping data for table toko_games.kategori: ~20 rows (approximately)
DELETE FROM `kategori`;
INSERT INTO `kategori` (`id`, `nama`) VALUES
	(1, 'FPS Shooters'),
	(2, 'Action RPG'),
	(3, 'Battle Royale'),
	(4, 'Platformers'),
	(5, 'RTS Games'),
	(6, 'City Builders'),
	(7, 'Turn-Based'),
	(8, 'Life Simulation'),
	(9, 'MMORPG'),
	(10, 'JRPG'),
	(11, 'Indie RPG'),
	(12, 'Tactical RPG'),
	(13, 'Racing Sims'),
	(14, 'Sports Games'),
	(15, 'Arcade Racing'),
	(16, 'Fighting Games'),
	(17, 'Indie Games'),
	(18, 'Puzzle Games'),
	(19, 'Casual Games'),
	(20, 'Horror Games');

-- Dumping structure for table toko_games.orders
DROP TABLE IF EXISTS `orders`;
CREATE TABLE IF NOT EXISTS `orders` (
  `id` int NOT NULL AUTO_INCREMENT,
  `user_id` int NOT NULL,
  `total` decimal(10,2) NOT NULL,
  `created_at` timestamp NOT NULL DEFAULT CURRENT_TIMESTAMP,
  PRIMARY KEY (`id`),
  KEY `user_id` (`user_id`),
  CONSTRAINT `orders_ibfk_1` FOREIGN KEY (`user_id`) REFERENCES `users` (`id`) ON DELETE CASCADE
) ENGINE=InnoDB AUTO_INCREMENT=13 DEFAULT CHARSET=utf8mb4 COLLATE=utf8mb4_general_ci;

-- Dumping data for table toko_games.orders: ~9 rows (approximately)
DELETE FROM `orders`;
INSERT INTO `orders` (`id`, `user_id`, `total`, `created_at`) VALUES
	(1, 31, 52.97, '2025-06-28 16:29:21'),
	(2, 31, 122.97, '2025-06-28 16:32:39'),
	(3, 31, 147.96, '2025-06-28 16:32:55'),
	(4, 31, 147.96, '2025-06-28 16:34:31'),
	(5, 31, 62.97, '2025-06-28 16:35:34'),
	(6, 31, 62.97, '2025-06-28 16:35:50'),
	(7, 31, 162.95, '2025-06-28 16:36:18'),
	(8, 31, 97.95, '2025-06-28 16:36:46'),
	(9, 31, 140.95, '2025-06-28 16:36:58'),
	(10, 31, 216.91, '2025-06-28 17:04:38'),
	(11, 31, 3770.60, '2025-07-01 13:26:06'),
	(12, 32, 132.96, '2025-07-02 14:21:15');

-- Dumping structure for table toko_games.order_items
DROP TABLE IF EXISTS `order_items`;
CREATE TABLE IF NOT EXISTS `order_items` (
  `id` int NOT NULL AUTO_INCREMENT,
  `order_id` int NOT NULL,
  `produk_id` int NOT NULL,
  `price` decimal(10,2) NOT NULL,
  `steam_key` varchar(255) COLLATE utf8mb4_general_ci DEFAULT NULL,
  PRIMARY KEY (`id`),
  KEY `order_id` (`order_id`),
  KEY `produk_id` (`produk_id`),
  CONSTRAINT `order_items_ibfk_1` FOREIGN KEY (`order_id`) REFERENCES `orders` (`id`) ON DELETE CASCADE,
  CONSTRAINT `order_items_ibfk_2` FOREIGN KEY (`produk_id`) REFERENCES `produk` (`id`) ON DELETE CASCADE
) ENGINE=InnoDB AUTO_INCREMENT=138 DEFAULT CHARSET=utf8mb4 COLLATE=utf8mb4_general_ci;

-- Dumping data for table toko_games.order_items: ~136 rows (approximately)
DELETE FROM `order_items`;
INSERT INTO `order_items` (`id`, `order_id`, `produk_id`, `price`, `steam_key`) VALUES
	(1, 1, 58, 9.99, 'VAULT-A840E-B36AF-4A183'),
	(2, 1, 72, 39.99, 'VAULT-54A82-95A52-4727B'),
	(3, 2, 64, 59.99, 'VAULT-D575C-A7468-89D41'),
	(4, 2, 70, 59.99, 'VAULT-72E97-3240D-EF1D8'),
	(5, 3, 11, 69.99, 'VAULT-15DF2-9587A-22CF4'),
	(6, 3, 19, 14.99, 'VAULT-18315-B064C-94550'),
	(7, 3, 10, 59.99, 'VAULT-E0855-F64A4-62BA2'),
	(8, 4, 13, 69.99, 'VAULT-0E772-6CBB1-8F541'),
	(9, 4, 26, 14.99, 'VAULT-A4C36-85F62-0BD47'),
	(10, 4, 34, 59.99, 'VAULT-53BB8-D2D44-B6147'),
	(11, 5, 36, 19.99, 'VAULT-5CA66-5B4A9-C84D2'),
	(12, 5, 72, 39.99, 'VAULT-C6C5A-954E7-9774B'),
	(13, 6, 80, 39.99, 'VAULT-263A4-4003A-A21E8'),
	(14, 6, 52, 19.99, 'VAULT-6EA71-D9D8D-4ADDE'),
	(15, 7, 50, 49.99, 'VAULT-B697E-80F50-50056'),
	(16, 7, 22, 39.99, 'VAULT-42254-6F17C-0A9ED'),
	(17, 7, 79, 49.99, 'VAULT-D6B7A-404BD-D0C7A'),
	(18, 7, 54, 19.99, 'VAULT-08D1C-EE952-06838'),
	(19, 8, 95, 19.99, 'VAULT-8A937-885C2-25CB5'),
	(20, 8, 19, 14.99, 'VAULT-1F544-70167-49C1F'),
	(21, 8, 20, 19.99, 'VAULT-709F1-0CABB-2B226'),
	(22, 8, 28, 39.99, 'VAULT-085AD-3B4A4-DF55E'),
	(23, 9, 5, 7.99, 'VAULT-9F692-D65F3-5BCCC'),
	(24, 9, 100, 29.99, 'VAULT-9FA80-96277-B5C8A'),
	(25, 9, 61, 59.99, 'VAULT-17320-240C9-15ED6'),
	(26, 9, 78, 39.99, 'VAULT-E72FF-732B9-9BA0D'),
	(28, 10, 100, 29.99, 'VAULT-D60A6-780B1-B8EE1'),
	(29, 10, 98, 13.99, 'VAULT-86CB0-D4448-26178'),
	(30, 10, 97, 19.99, 'VAULT-C4463-EE6A5-FD908'),
	(31, 10, 93, 29.99, 'VAULT-0290D-EEB34-EB6CD'),
	(32, 10, 94, 49.99, 'VAULT-2BE78-91F5E-8C382'),
	(33, 10, 95, 19.99, 'VAULT-7D564-0C4B2-3C693'),
	(34, 10, 96, 39.99, 'VAULT-A606E-B6A53-99FD3'),
	(35, 11, 42, 69.99, 'VAULT-92289-E3A7A-232D7'),
	(36, 11, 33, 19.99, 'VAULT-08B0A-972AA-CDDAC'),
	(37, 11, 22, 39.99, 'VAULT-42365-D5AE5-0C0DA'),
	(38, 11, 55, 24.99, 'VAULT-6F97C-F3071-DADBC'),
	(39, 11, 57, 59.99, 'VAULT-C6409-E53A0-7F68C'),
	(40, 11, 96, 39.99, 'VAULT-6CD3B-35BCF-2258F'),
	(41, 11, 95, 19.99, 'VAULT-A2992-AFB91-20D8D'),
	(42, 11, 94, 49.99, 'VAULT-E9CF8-1D2E7-476FA'),
	(43, 11, 93, 29.99, 'VAULT-649A5-2E8FC-598AB'),
	(44, 11, 90, 9.99, 'VAULT-5074F-97832-9D9F2'),
	(45, 11, 91, 14.99, 'VAULT-78376-F5FA9-96BC3'),
	(46, 11, 27, 19.99, 'VAULT-8C456-57F3D-0949E'),
	(47, 11, 20, 19.99, 'VAULT-1E177-AF4AD-ABC78'),
	(48, 11, 92, 19.99, 'VAULT-27F9A-0E8E7-87B01'),
	(49, 11, 81, 14.99, 'VAULT-2CB1C-59549-7E1AE'),
	(50, 11, 86, 9.99, 'VAULT-72A12-016B2-8CBC9'),
	(51, 11, 87, 19.99, 'VAULT-552F0-BDD31-B1617'),
	(52, 11, 49, 59.99, 'VAULT-4638B-5C11A-D99EF'),
	(53, 11, 65, 39.99, 'VAULT-8A94D-037F0-E36F3'),
	(54, 11, 97, 19.99, 'VAULT-FAC03-6E9AF-1E0AF'),
	(55, 11, 98, 13.99, 'VAULT-532B2-9D748-3DDB6'),
	(56, 11, 100, 29.99, 'VAULT-82666-960F5-B4BA1'),
	(58, 11, 101, 66.60, 'VAULT-0AB1F-20D1F-DFECD'),
	(59, 11, 4, 19.99, 'VAULT-752A1-BB089-CA21C'),
	(60, 11, 68, 69.99, 'VAULT-E83C1-44266-9EC2C'),
	(61, 11, 17, 9.99, 'VAULT-D7FF8-61A04-DE6C1'),
	(62, 11, 9, 29.99, 'VAULT-4E698-5DD75-82081'),
	(63, 11, 44, 39.99, 'VAULT-7C3F6-5F99A-252D6'),
	(64, 11, 37, 49.99, 'VAULT-EDB1F-92637-30B62'),
	(65, 11, 10, 59.99, 'VAULT-F34E9-76561-653B0'),
	(66, 11, 7, 49.99, 'VAULT-86963-B68B8-9E726'),
	(67, 11, 19, 14.99, 'VAULT-7193A-765F3-636E0'),
	(68, 11, 62, 39.99, 'VAULT-153D3-1FC79-553CF'),
	(69, 11, 80, 39.99, 'VAULT-A444D-E8BF8-F101E'),
	(70, 11, 48, 59.99, 'VAULT-99824-3BA39-B9FC9'),
	(71, 11, 75, 49.99, 'VAULT-95B5D-3FA13-2BC43'),
	(72, 11, 38, 14.99, 'VAULT-18D20-D44B1-73163'),
	(73, 11, 30, 39.99, 'VAULT-B0C6B-EF921-2638C'),
	(74, 11, 59, 59.99, 'VAULT-751F1-B6B16-F96BB'),
	(75, 11, 24, 19.99, 'VAULT-EF686-6CE30-0AF8E'),
	(76, 11, 72, 39.99, 'VAULT-7AA3E-4EEF6-5C83D'),
	(77, 11, 74, 39.99, 'VAULT-11625-61413-324BA'),
	(78, 11, 76, 59.99, 'VAULT-DBDE9-BFEB9-BC051'),
	(79, 11, 40, 29.99, 'VAULT-4AB08-8A8E3-48300'),
	(80, 11, 78, 39.99, 'VAULT-3D9B3-BABC7-6C4C9'),
	(81, 11, 56, 29.99, 'VAULT-38183-FCA92-A853D'),
	(82, 11, 82, 19.99, 'VAULT-77052-37FF6-2932B'),
	(83, 11, 31, 49.99, 'VAULT-02B04-3E150-D0519'),
	(84, 11, 29, 49.99, 'VAULT-123A1-4D6E6-E6B86'),
	(85, 11, 13, 69.99, 'VAULT-BD3F1-70BB8-1E938'),
	(86, 11, 64, 59.99, 'VAULT-7D782-957DA-F9216'),
	(87, 11, 8, 29.99, 'VAULT-CE4C0-F4206-9D1C7'),
	(88, 11, 45, 14.99, 'VAULT-EADAB-AB282-36FC6'),
	(89, 11, 43, 29.99, 'VAULT-FC35B-D0A12-3CFBB'),
	(90, 11, 61, 59.99, 'VAULT-30282-0E381-BB8FF'),
	(91, 11, 15, 69.99, 'VAULT-0FC9E-D4689-539B3'),
	(92, 11, 46, 39.99, 'VAULT-3DA01-36AF9-6D2CC'),
	(93, 11, 58, 9.99, 'VAULT-5243D-D1A8E-3A06A'),
	(94, 11, 73, 29.99, 'VAULT-A7C01-0B4C3-80069'),
	(95, 11, 71, 29.99, 'VAULT-C87DB-A317A-44312'),
	(96, 11, 77, 49.99, 'VAULT-B272F-658FA-C4C97'),
	(97, 11, 28, 39.99, 'VAULT-D4421-20C10-3A120'),
	(98, 11, 3, 29.99, 'VAULT-6A625-4178E-F0656'),
	(99, 11, 34, 59.99, 'VAULT-569AA-27CBA-2C8E1'),
	(100, 11, 52, 19.99, 'VAULT-4399F-E600B-EB450'),
	(101, 11, 6, 19.99, 'VAULT-D0171-2C226-5606A'),
	(102, 11, 36, 19.99, 'VAULT-CE2EE-71BFA-B9AB0'),
	(103, 11, 53, 14.99, 'VAULT-07BE4-BC88E-F3470'),
	(104, 11, 25, 59.99, 'VAULT-17F11-772F3-BCDAF'),
	(105, 11, 54, 19.99, 'VAULT-72C2F-645AA-2FEAD'),
	(106, 11, 35, 39.99, 'VAULT-0779B-EF5CE-73AFB'),
	(107, 11, 79, 49.99, 'VAULT-F4C59-879FF-083DA'),
	(108, 11, 60, 39.99, 'VAULT-09C07-52361-F7CB3'),
	(109, 11, 2, 69.99, 'VAULT-91E9D-B7D63-06C3C'),
	(110, 11, 50, 49.99, 'VAULT-30ECF-1F373-1472B'),
	(111, 11, 83, 29.99, 'VAULT-8EAE0-9EADE-600BB'),
	(112, 11, 5, 7.99, 'VAULT-DBCEE-52D12-9890E'),
	(113, 11, 47, 49.99, 'VAULT-CDDB3-DA1C9-D0476'),
	(114, 11, 70, 59.99, 'VAULT-7A830-FC6E7-4C122'),
	(115, 11, 88, 19.99, 'VAULT-EA657-1D0BE-6B6F5'),
	(116, 11, 12, 69.99, 'VAULT-B3CA3-82C5C-B1676'),
	(117, 11, 51, 9.99, 'VAULT-A2726-87BE9-F211B'),
	(118, 11, 1, 59.99, 'VAULT-BA7E6-6D47E-F906A'),
	(119, 11, 67, 69.99, 'VAULT-048D9-A8A47-6343F'),
	(120, 11, 84, 19.99, 'VAULT-68001-40168-CA2F4'),
	(121, 11, 18, 14.99, 'VAULT-31AB8-D3145-7ABB3'),
	(122, 11, 63, 49.99, 'VAULT-5EB46-CDF16-5155B'),
	(123, 11, 66, 49.99, 'VAULT-34A99-AF400-569E5'),
	(124, 11, 85, 24.99, 'VAULT-E6015-FAFD2-D59D8'),
	(125, 11, 21, 29.99, 'VAULT-3204E-71DE9-C9BF7'),
	(126, 11, 69, 59.99, 'VAULT-BBBEF-94F44-58575'),
	(127, 11, 41, 19.99, 'VAULT-061BD-0D7FD-D9998'),
	(128, 11, 32, 59.99, 'VAULT-10875-23A7E-AE9DB'),
	(129, 11, 11, 69.99, 'VAULT-4FB87-6A0EB-0D50F'),
	(130, 11, 39, 19.99, 'VAULT-C0FA3-B3762-8048A'),
	(131, 11, 23, 29.99, 'VAULT-B8C46-ECCBF-76432'),
	(132, 11, 26, 14.99, 'VAULT-E6507-B0358-AAD28'),
	(133, 11, 16, 59.99, 'VAULT-8F9F0-9937D-14ED8'),
	(134, 11, 14, 69.99, 'VAULT-DB7A2-96821-38204'),
	(135, 12, 66, 49.99, 'VAULT-B15D9-41CEF-98879'),
	(136, 12, 35, 39.99, 'VAULT-A53CF-6D002-2995D'),
	(137, 12, 74, 39.99, 'VAULT-B59FF-8E127-27535');

-- Dumping structure for table toko_games.produk
DROP TABLE IF EXISTS `produk`;
CREATE TABLE IF NOT EXISTS `produk` (
  `id` int NOT NULL AUTO_INCREMENT,
  `kategori_id` int DEFAULT NULL,
  `nama` varchar(255) COLLATE utf8mb4_general_ci DEFAULT NULL,
  `detail` text COLLATE utf8mb4_general_ci,
  `pengembang` varchar(100) COLLATE utf8mb4_general_ci DEFAULT NULL,
  `foto` varchar(255) COLLATE utf8mb4_general_ci DEFAULT NULL,
  `harga` double DEFAULT NULL,
  `harga_diskon` double DEFAULT NULL,
  PRIMARY KEY (`id`),
  KEY `kategori_id` (`kategori_id`),
  CONSTRAINT `produk_ibfk_1` FOREIGN KEY (`kategori_id`) REFERENCES `kategori` (`id`) ON DELETE SET NULL
) ENGINE=InnoDB AUTO_INCREMENT=103 DEFAULT CHARSET=utf8mb4 COLLATE=utf8mb4_general_ci;

-- Dumping data for table toko_games.produk: ~100 rows (approximately)
DELETE FROM `produk`;
INSERT INTO `produk` (`id`, `kategori_id`, `nama`, `detail`, `pengembang`, `foto`, `harga`, `harga_diskon`) VALUES
	(1, 1, 'Call of Duty: Modern Warfare II', 'The latest in the legendary FPS franchise. Intense multiplayer and cinematic campaign.', 'Infinity Ward', '8wd6kvqvluv8hzzosotwtg.avif', 69.99, 59.99),
	(2, 1, 'Counter-Strike: Global Offensive', 'The world’s most popular competitive shooter. Tactical, team-based action.', 'Valve', '8wd6kvqvluv8hzzosotwtg.avif', 69.99, NULL),
	(3, 1, 'DOOM Eternal', 'Rip and tear through hordes of demons in this fast-paced FPS.', 'id Software', '8wd6kvqvluv8hzzosotwtg.avif', 59.99, 29.99),
	(4, 1, 'Battlefield V', 'Large-scale warfare with vehicles and destructible environments.', 'DICE', '8wd6kvqvluv8hzzosotwtg.avif', 49.99, 19.99),
	(5, 1, 'Rainbow Six Siege', 'Tactical team-based FPS with destructible environments.', 'Ubisoft', '8wd6kvqvluv8hzzosotwtg.avif', 19.99, 7.99),
	(6, 2, 'The Witcher 3: Wild Hunt', 'A vast open-world RPG with a gripping story and deep combat.', 'CD Projekt Red', 'a8l-mnl--b.avif', 39.99, 19.99),
	(7, 2, 'Elden Ring', 'A dark fantasy action RPG from the creators of Dark Souls.', 'FromSoftware', 'a8l-mnl--b.avif', 59.99, 49.99),
	(8, 2, 'Dark Souls III', 'The challenging and rewarding action RPG set in a dark fantasy world.', 'FromSoftware', 'a8l-mnl--b.avif', 39.99, 29.99),
	(9, 2, 'Bloodborne', 'A gothic horror action RPG from the creators of Dark Souls.', 'FromSoftware', 'a8l-mnl--b.avif', 39.99, 29.99),
	(10, 2, 'Sekiro: Shadows Die Twice', 'A gripping action RPG set in Sengoku period Japan.', 'FromSoftware', 'a8l-mnl--b.avif', 59.99, NULL),
	(11, 3, 'Fortnite', 'The battle royale phenomenon. Build, shoot, and survive.', 'Epic Games', 'aknnhs-xn-.avif', 69.99, NULL),
	(12, 3, 'PUBG: Battlegrounds', 'The original battle royale shooter. 100 players, one winner.', 'PUBG Corporation', 'aknnhs-xn-.avif', 69.99, NULL),
	(13, 3, 'Apex Legends', 'Team up and be the last squad standing in this free-to-play battle royale.', 'Respawn Entertainment', 'aknnhs-xn-.avif', 69.99, NULL),
	(14, 3, 'Call of Duty: Warzone', 'Drop in, loot out! The massive free-to-play combat arena.', 'Infinity Ward', 'aknnhs-xn-.avif', 69.99, NULL),
	(15, 3, 'Realm Royale', 'A fantasy twist on the battle royale genre. Choose your class and claim victory.', 'Hi-Rez Studios', 'aknnhs-xn-.avif', 69.99, NULL),
	(16, 4, 'Super Mario Odyssey', 'Mario embarks on a globe-trotting adventure in 3D platforming.', 'Nintendo', 'e3nmb-kua0.avif', 59.99, NULL),
	(17, 4, 'Tale of Peace', 'A touching story and challenging platformer about climbing a mountain.', 'Matt Makes Games', 'e3nmb-kua0.avif', 19.99, 9.99),
	(18, 4, 'Hollow Knight', 'Descend into the dark and deadly world beneath Hallownest in this action-adventure platformer.', 'Team Cherry', 'e3nmb-kua0.avif', 14.99, NULL),
	(19, 4, 'Ori and the Blind Forest', 'A visually stunning action-platformer with a touching story.', 'Moon Studios', 'e3nmb-kua0.avif', 29.99, 14.99),
	(20, 4, 'Celeste', 'A platformer about climbing a mountain, both literally and metaphorically. Help Madeline survive her journey.', 'Maddy Makes Games', 'e3nmb-kua0.avif', 19.99, NULL),
	(21, 5, 'StarCraft II', 'The definitive sci-fi RTS. Three races, epic battles.', 'Blizzard Entertainment', 'jv3td7dzwzypsxg7pcribp.avif', 29.99, NULL),
	(22, 5, 'Age of Empires IV', 'Build an empire through the ages in this classic RTS.', 'Relic Entertainment', 'jv3td7dzwzypsxg7pcribp.avif', 59.99, 39.99),
	(23, 5, 'Warcraft III: Reforged', 'The classic RTS returns with modern graphics and new features.', 'Blizzard Entertainment', 'jv3td7dzwzypsxg7pcribp.avif', 29.99, NULL),
	(24, 5, 'Command & Conquer: Remastered', 'Relive the classic RTS battles with updated graphics and audio.', 'Petroglyph Games', 'jv3td7dzwzypsxg7pcribp.avif', 19.99, NULL),
	(25, 5, 'Company of Heroes 3', 'The next installment in the acclaimed WWII RTS series.', 'Relic Entertainment', 'jv3td7dzwzypsxg7pcribp.avif', 59.99, NULL),
	(26, 6, 'Cities: Skylines', 'A modern take on the classic city builder. Design, build, and manage.', 'Colossal Order', 'n831xcr33-.avif', 29.99, 14.99),
	(27, 6, 'SimCity', 'The original city simulation game. Build your dream city.', 'Maxis', 'n831xcr33-.avif', 19.99, NULL),
	(28, 6, 'Tropico 6', 'Rule your own banana republic in this humorous city builder.', 'Kalypso Media', 'n831xcr33-.avif', 39.99, NULL),
	(29, 6, 'Anno 1800', 'Build a thriving city in the age of industrialization.', 'Ubisoft Blue Byte', 'n831xcr33-.avif', 49.99, NULL),
	(30, 6, 'Surviving Mars', 'Colonize Mars and ensure the survival of your colonists in this city-building sim.', 'Haemimont Games', 'n831xcr33-.avif', 39.99, NULL),
	(31, 7, 'Fire Emblem: Three Houses', 'A tactical RPG with deep story and turn-based combat.', 'Intelligent Systems', 'ows-wlse-f.avif', 59.99, 49.99),
	(32, 7, 'Advance Wars 1+2: Re-Boot Camp', 'Classic turn-based strategy returns with a modern twist.', 'WayForward', 'ows-wlse-f.avif', 59.99, NULL),
	(33, 7, 'XCOM 2', 'Command your soldiers in tactical, turn-based combat against an alien invasion.', 'Firaxis Games', '-c8sycxa2s.avif', 39.99, 19.99),
	(34, 7, 'Divinity: Original Sin 2', 'A critically acclaimed RPG with deep tactical combat and cooperative multiplayer.', 'Larian Studios', 'ows-wlse-f.avif', 59.99, NULL),
	(35, 7, 'Wasteland 3', 'The post-apocalyptic RPG with deep story and tactical turn-based combat.', 'inXile Entertainment', '-c8sycxa2s.avif', 39.99, NULL),
	(36, 8, 'The Sims 4', 'Create and control people in a virtual world.', 'Maxis', 'qvjtc65vbzmexfegzrgs7u.avif', 39.99, 19.99),
	(37, 8, 'Animal Crossing: New Horizons', 'Build your dream island life with friends and neighbors.', 'Nintendo', 'qvjtc65vbzmexfegzrgs7u.avif', 59.99, 49.99),
	(38, 8, 'Stardew Valley', 'A relaxing farming and life sim with endless charm.', 'ConcernedApe', 'aknnhs-xn-.avif', 14.99, NULL),
	(39, 8, 'Spiritfarer', 'A cozy management game about dying and friendship.', 'Thunder Lotus Games', 'aknnhs-xn-.avif', 29.99, 19.99),
	(40, 8, 'My Time at Portia', 'A charming life simulation RPG. Restore your father\'s workshop and explore the post-apocalyptic world.', 'Pathea Games', 'qvjtc65vbzmexfegzrgs7u.avif', 29.99, NULL),
	(41, 9, 'Final Fantasy XIV Online', 'A critically acclaimed MMORPG with a passionate community.', 'Square Enix', 'r0t06aeedi.avif', 19.99, NULL),
	(42, 9, 'Guild Wars 2', 'A living world MMORPG with dynamic events and epic battles.', 'ArenaNet', 'r0t06aeedi.avif', 69.99, NULL),
	(43, 9, 'The Elder Scrolls Online', 'Explore the vast world of Tamriel in this award-winning MMORPG.', 'ZeniMax Online Studios', 'r0t06aeedi.avif', 29.99, NULL),
	(44, 9, 'Black Desert Online', 'A sandbox MMORPG with stunning graphics and deep combat systems.', 'Pearl Abyss', 'r0t06aeedi.avif', 39.99, NULL),
	(45, 9, 'Star Wars: The Old Republic', 'Experience the epic storylines and space battles in this acclaimed MMORPG.', 'BioWare', 'r0t06aeedi.avif', 14.99, NULL),
	(46, 10, 'Persona 5 Royal', 'A stylish JRPG about high schoolers and supernatural heists.', 'Atlus', '9786020651927_Funiculi_Funicula_cov.avif', 59.99, 39.99),
	(47, 10, 'Dragon Quest XI', 'A classic JRPG with a modern polish and epic story.', 'Square Enix', '9786020651927_Funiculi_Funicula_cov.avif', 49.99, NULL),
	(48, 10, 'Ni no Kuni II: Revenant Kingdom', 'A beautiful JRPG with a touching story and stunning visuals.', 'Level-5', '9786020651927_Funiculi_Funicula_cov.avif', 59.99, NULL),
	(49, 10, 'Tales of Arise', 'The latest in the beloved Tales series. Action-packed combat and a captivating story.', 'Bandai Namco', '9786020651927_Funiculi_Funicula_cov.avif', 59.99, NULL),
	(50, 10, 'Octopath Traveler', 'Eight travelers, eight stories, one epic journey. A unique JRPG experience.', 'Square Enix', '9786020651927_Funiculi_Funicula_cov.avif', 49.99, NULL),
	(51, 11, 'Undertale', 'A unique indie RPG where your choices matter.', 'Toby Fox', 'i2wjpuayv5xcmwcb7bhjkp.avif', 9.99, NULL),
	(52, 11, 'Disco Elysium', 'A groundbreaking RPG with deep narrative and choices.', 'ZA/UM', 'i2wjpuayv5xcmwcb7bhjkp.avif', 39.99, 19.99),
	(53, 11, 'Hades', 'Battle out of the Underworld in this award-winning indie roguelike.', 'Supergiant Games', 'a_Pandemic_of_love-indo-cov_page-0001.avif', 24.99, 14.99),
	(54, 11, 'Cuphead', 'A classic run-and-gun action game with hand-drawn animation.', 'Studio MDHR', 'a_Pandemic_of_love-indo-cov_page-0001.avif', 19.99, NULL),
	(55, 11, 'Stardew Valley 2', 'An indie RPG about farming and friendship. Build a new life in the charming countryside.', 'ConcernedApe', 'i2wjpuayv5xcmwcb7bhjkp.avif', 24.99, NULL),
	(56, 12, 'Gears Tactics', 'A fast-paced, turn-based strategy game set in the Gears universe.', 'Splash Damage', '-c8sycxa2s.avif', 59.99, 29.99),
	(57, 12, 'Triangle Strategy', 'A tactical RPG with branching story and deep combat.', 'Square Enix', '-c8sycxa2s.avif', 59.99, NULL),
	(58, 12, 'XCOM: Chimera Squad', 'A tactical turn-based game where humans, hybrids and aliens work together to forge a civilization of cooperation.', 'Firaxis Games', '-c8sycxa2s.avif', 19.99, 9.99),
	(59, 12, 'Divinity: Original Sin 3', 'A turn-based RPG with unparalleled freedom. Gather your party and embark on a divine journey.', 'Larian Studios', 'ows-wlse-f.avif', 59.99, NULL),
	(60, 12, 'Wasteland 3', 'The post-apocalyptic RPG with deep story and tactical turn-based combat.', 'inXile Entertainment', '-c8sycxa2s.avif', 39.99, NULL),
	(61, 13, 'Gran Turismo 7', 'The real driving simulator returns with stunning visuals.', 'Polyphony Digital', '25n7v4-a3l.avif', 69.99, 59.99),
	(62, 13, 'Forza Horizon 5', 'Race across Mexico in the ultimate open-world driving adventure.', 'Playground Games', '25n7v4-a3l.avif', 59.99, 39.99),
	(63, 13, 'Dirt 5', 'The ultimate off-road racing experience. Race on stunning terrains and dynamic weather conditions.', 'Codemasters', '25n7v4-a3l.avif', 49.99, NULL),
	(64, 13, 'F1 2021', 'The official video game of the FIA Formula One World Championship.', 'Codemasters', '25n7v4-a3l.avif', 59.99, NULL),
	(65, 13, 'Project CARS 3', 'The most realistic racing sim ever. Feel every detail of the road.', 'Slightly Mad Studios', '25n7v4-a3l.avif', 39.99, NULL),
	(66, 14, 'NBA 2K25', 'The latest in the best-selling basketball sim series.', 'Visual Concepts', '5d98139zna.avif', 69.99, 49.99),
	(67, 14, 'Madden NFL 25', 'The gridiron classic returns for a new season.', 'EA Sports', '5d98139zna.avif', 69.99, NULL),
	(68, 14, 'FIFA 2025', 'The world\'s game. Experience authentic football with thousands of players and hundreds of teams.', 'EA Sports', '5d98139zna.avif', 69.99, NULL),
	(69, 14, 'PES 2025', 'The pitch is yours. Control the game in this realistic soccer simulation.', 'Konami', '5d98139zna.avif', 59.99, NULL),
	(70, 14, 'NBA Live 25', 'Step onto the court with NBA Live 25. The most authentic basketball experience.', 'EA Sports', '5d98139zna.avif', 59.99, NULL),
	(71, 15, 'Hot Wheels Unleashed', 'Arcade racing with iconic Hot Wheels cars and tracks.', 'Milestone', '675065f0a978b.jpg', 49.99, 29.99),
	(72, 15, 'Crash Team Racing Nitro-Fueled', 'Remastered arcade kart racing fun for all ages.', 'Beenox', '675065f0a978b.jpg', 39.99, NULL),
	(73, 15, 'Trackmania Turbo', 'Race on crazy tracks and perform insane stunts in this arcade racing game.', 'Nadeo', '675065f0a978b.jpg', 29.99, NULL),
	(74, 15, 'Wreckfest', 'The demolition derby game with realistic physics and fun gameplay.', 'Bugbear Entertainment', '675065f0a978b.jpg', 39.99, NULL),
	(75, 15, 'Burnout Paradise Remastered', 'Experience the chaos of high-speed racing and spectacular crashes.', 'Criterion Games', '675065f0a978b.jpg', 49.99, NULL),
	(76, 16, 'Tekken 8', 'The legendary fighting franchise returns with new fighters and mechanics.', 'Bandai Namco', '676c04fe2b0b6.png', 69.99, 59.99),
	(77, 16, 'Mortal Kombat 1', 'A new era for the iconic fighting series.', 'NetherRealm Studios', '676c04fe2b0b6.png', 69.99, 49.99),
	(78, 16, 'Street Fighter V', 'The legendary fighting game franchise returns with Street Fighter V.', 'Capcom', '676c04fe2b0b6.png', 39.99, NULL),
	(79, 16, 'Dragon Ball FighterZ', 'The ultimate Dragon Ball fighting game experience.', 'Arc System Works', '676c04fe2b0b6.png', 49.99, NULL),
	(80, 16, 'Guilty Gear -Strive-', 'The latest in the Guilty Gear series. Fast-paced and stylish 2D fighting.', 'Arc System Works', '676c04fe2b0b6.png', 39.99, NULL),
	(81, 17, 'Hades', 'Battle out of the Underworld in this award-winning indie roguelike.', 'Supergiant Games', 'a_Pandemic_of_love-indo-cov_page-0001.avif', 24.99, 14.99),
	(82, 17, 'Cuphead', 'A classic run-and-gun action game with hand-drawn animation.', 'Studio MDHR', 'a_Pandemic_of_love-indo-cov_page-0001.avif', 19.99, NULL),
	(83, 17, 'Hollow Knight: Silksong', 'A highly anticipated indie adventure. Explore a vast, haunted kingdom as a deadly hunter.', 'Team Cherry', 'a_Pandemic_of_love-indo-cov_page-0001.avif', 29.99, NULL),
	(84, 17, 'Celeste', 'A platformer about climbing a mountain, both literally and metaphorically. Help Madeline survive her journey.', 'Maddy Makes Games', 'e3nmb-kua0.avif', 19.99, NULL),
	(85, 17, 'Stardew Valley 2', 'An indie RPG about farming and friendship. Build a new life in the charming countryside.', 'ConcernedApe', 'i2wjpuayv5xcmwcb7bhjkp.avif', 24.99, NULL),
	(86, 18, 'Portal 2', 'A mind-bending puzzle adventure with hilarious writing.', 'Valve', '_Kover_Depan_The_Maxwell_Daily_Reader.avif', 19.99, 9.99),
	(87, 18, 'Tetris Effect', 'The classic puzzle game reimagined with music and visuals.', 'Monstars Inc.', '_Kover_Depan_The_Maxwell_Daily_Reader.avif', 39.99, 19.99),
	(88, 18, 'The Witness 2', 'A mind-bending puzzle game set on a mysterious island. Solve hundreds of challenging puzzles.', 'Thekla, Inc.', '_Kover_Depan_The_Maxwell_Daily_Reader.avif', 39.99, 19.99),
	(90, 18, 'Fez', 'A unique perspective-shifting puzzle platformer. Explore a 2D world in 3D.', 'Polytron Corporation', '_Kover_Depan_The_Maxwell_Daily_Reader.avif', 9.99, NULL),
	(91, 19, 'Stardew Valley', 'A relaxing farming and life sim with endless charm.', 'ConcernedApe', 'aknnhs-xn-.avif', 14.99, NULL),
	(92, 19, 'Spiritfarer', 'A cozy management game about dying and friendship.', 'Thunder Lotus Games', 'aknnhs-xn-.avif', 29.99, 19.99),
	(93, 19, 'My Time at Portia', 'A charming life simulation RPG. Restore your father\'s workshop and explore the post-apocalyptic world.', 'Pathea Games', 'qvjtc65vbzmexfegzrgs7u.avif', 29.99, NULL),
	(94, 19, 'Animal Crossing: New Horizons', 'Build your dream island life with friends and neighbors.', 'Nintendo', 'qvjtc65vbzmexfegzrgs7u.avif', 59.99, 49.99),
	(95, 19, 'The Sims 4', 'Create and control people in a virtual world.', 'Maxis', 'qvjtc65vbzmexfegzrgs7u.avif', 39.99, 19.99),
	(96, 20, 'Resident Evil Village', 'A chilling survival horror adventure in a mysterious village.', 'Capcom', '8wd6kvqvluv8hzzosotwtg.avif', 59.99, 39.99),
	(97, 20, 'Dead by Daylight', 'A multiplayer horror game of hide and seek.', 'Behaviour Interactive', '8wd6kvqvluv8hzzosotwtg.avif', 19.99, NULL),
	(98, 20, 'Phasmophobia 2', 'A 4-player online co-op psychological horror. Use ghost hunting equipment to find and record evidence of the paranormal.', 'Kinetic Games', '8wd6kvqvluv8hzzosotwtg.avif', 13.99, NULL),
	(100, 20, 'Resident Evil 7: Biohazard', 'A terrifying return to form for the Resident Evil series. Survive the nightmare in first-person.', 'Capcom', '8wd6kvqvluv8hzzosotwtg.avif', 29.99, NULL),
	(101, 16, 'Hansen the game', 'A game where you become a Chinese and have power to fight your lecturer', 'Ilmu Komputer 23 B', 'audacity_cover.jpg', 69.99, 66.6),
	(102, 18, 'HARRY Dont GO', 'There is no place to HIDE and there is no where to RUN. HARRY Dont GO will let you experience the thrill of getting chased by A LOT of MONSTERS, how will Harry escape these monster?', 'Hansen Nathaniel', 'Screenshot 2025-07-01 031716.png', 44.99, 14.99);

-- Dumping structure for table toko_games.rating
DROP TABLE IF EXISTS `rating`;
CREATE TABLE IF NOT EXISTS `rating` (
  `id` int NOT NULL AUTO_INCREMENT,
  `produk_id` int DEFAULT NULL,
  `user_id` int DEFAULT NULL,
  `rating` tinyint NOT NULL,
  `comment` text COLLATE utf8mb4_general_ci,
  `created_at` timestamp NOT NULL DEFAULT CURRENT_TIMESTAMP,
  PRIMARY KEY (`id`),
  KEY `produk_id` (`produk_id`),
  KEY `user_id` (`user_id`),
  CONSTRAINT `rating_ibfk_1` FOREIGN KEY (`produk_id`) REFERENCES `produk` (`id`) ON DELETE CASCADE,
  CONSTRAINT `rating_ibfk_2` FOREIGN KEY (`user_id`) REFERENCES `users` (`id`) ON DELETE CASCADE
) ENGINE=InnoDB AUTO_INCREMENT=287 DEFAULT CHARSET=utf8mb4 COLLATE=utf8mb4_general_ci;

-- Dumping data for table toko_games.rating: ~286 rows (approximately)
DELETE FROM `rating`;
INSERT INTO `rating` (`id`, `produk_id`, `user_id`, `rating`, `comment`, `created_at`) VALUES
	(1, 1, 2, 5, 'Incredible gunplay and stunning visuals. A must-play for FPS fans!', '2025-06-27 08:00:00'),
	(2, 1, 3, 4, 'Solid shooter, but the story is a bit generic. Still, had a lot of fun.', '2025-06-27 08:05:00'),
	(3, 2, 1, 5, 'Lost hundreds of hours in this world. The exploration is top-notch.', '2025-06-27 08:10:00'),
	(4, 2, 4, 5, 'Best ARPG I have played in years. The combat is so satisfying.', '2025-06-27 08:15:00'),
	(5, 3, 5, 4, 'Fast, frantic, and fun. Great with friends.', '2025-06-27 08:20:00'),
	(6, 4, 6, 5, 'A masterpiece of pixel art and level design. So addictive!', '2025-06-27 08:25:00'),
	(7, 5, 9, 5, 'The strategic depth is immense. Every decision matters.', '2025-06-27 08:30:00'),
	(8, 6, 7, 4, 'A very relaxing and detailed city builder. Easy to learn, hard to master.', '2025-06-27 08:35:00'),
	(9, 7, 10, 5, 'Turn-based combat has never been this good. The story is incredible.', '2025-06-27 08:40:00'),
	(10, 8, 12, 4, 'Endless fun creating and managing my virtual family.', '2025-06-27 08:45:00'),
	(11, 9, 1, 4, 'A great MMORPG, but can be a bit of a grind.', '2025-06-27 08:50:00'),
	(12, 10, 10, 5, 'Cried at the ending. A beautiful story.', '2025-06-27 08:55:00'),
	(13, 11, 7, 5, 'The perfect game to relax with. So much charm and heart.', '2025-06-27 09:00:00'),
	(14, 12, 9, 4, 'Great tactical gameplay. Really makes you think.', '2025-06-27 09:05:00'),
	(15, 13, 8, 5, 'The most realistic racing sim I have ever played. The physics are perfect.', '2025-06-27 09:10:00'),
	(16, 14, 4, 3, 'It\'s another FIFA. Fun, but not much has changed.', '2025-06-27 09:15:00'),
	(17, 15, 11, 5, 'Pure arcade bliss. The soundtrack is amazing!', '2025-06-27 09:20:00'),
	(18, 16, 1, 5, 'The king of fighting games is back and better than ever.', '2025-06-27 09:25:00'),
	(19, 17, 7, 5, 'Can\'t wait for this game! Hollow Knight was a masterpiece.', '2025-06-27 09:30:00'),
	(20, 18, 18, 5, 'The puzzles are genius. My brain hurts in the best way possible.', '2025-06-27 09:35:00'),
	(21, 19, 12, 5, 'So cute and relaxing. I play it every day.', '2025-06-27 09:40:00'),
	(22, 20, 20, 5, 'Terrifyingly good fun with friends. Never fails to make us scream.', '2025-06-27 09:45:00'),
	(23, 1, 1, 5, 'A fantastic return to form for the series. The campaign is thrilling!', '2025-06-27 09:50:00'),
	(24, 2, 2, 5, 'An absolute masterpiece. The world is so alive and detailed.', '2025-06-27 09:55:00'),
	(25, 3, 3, 4, 'Very fun, but I prefer the original formula.', '2025-06-27 10:00:00'),
	(26, 4, 4, 5, 'The level design is out of this world. A true platforming gem.', '2025-06-27 10:05:00'),
	(27, 5, 5, 4, 'Solid game, but not as revolutionary as the first one.', '2025-06-27 10:10:00'),
	(28, 6, 6, 5, 'I love building my own cities and watching them thrive.', '2025-06-27 10:15:00'),
	(29, 7, 7, 4, 'The tactical depth is impressive, but it can be overwhelming.', '2025-06-27 10:20:00'),
	(30, 8, 8, 5, 'A delightful escape from reality. I could play for hours.', '2025-06-27 10:25:00'),
	(31, 9, 9, 4, 'Great lore and world-building, but the combat is not for everyone.', '2025-06-27 10:30:00'),
	(32, 10, 10, 5, 'An emotional rollercoaster. I loved every minute of it.', '2025-06-27 10:35:00'),
	(33, 11, 11, 4, 'Clever and unique. A breath of fresh air in the RPG genre.', '2025-06-27 10:40:00'),
	(34, 12, 12, 5, 'Deeply engaging and thought-provoking. A must-play.', '2025-06-27 10:45:00'),
	(35, 13, 13, 4, 'The cars feel amazing to drive, and the tracks are beautiful.', '2025-06-27 10:50:00'),
	(36, 14, 14, 3, 'It\'s fun, but I expected more innovation.', '2025-06-27 10:55:00'),
	(37, 15, 15, 5, 'A blast from the past! Just as fun as I remember.', '2025-06-27 11:00:00'),
	(38, 16, 16, 5, 'The graphics are stunning, and the gameplay is tight.', '2025-06-27 11:05:00'),
	(39, 17, 17, 4, 'I enjoyed the first one more, but this is still great.', '2025-06-27 11:10:00'),
	(40, 18, 18, 5, 'A brilliant mix of humor and challenge. Loved it!', '2025-06-27 11:15:00'),
	(41, 19, 19, 4, 'Charming and relaxing, but not very challenging.', '2025-06-27 11:20:00'),
	(42, 20, 20, 5, 'The atmosphere is incredible. I was genuinely scared.', '2025-06-27 11:25:00'),
	(43, 3, 6, 3, 'Good but not great. The pacing is off in some sections.', '2025-06-27 11:30:00'),
	(44, 5, 14, 2, 'Too repetitive for my taste. Gets boring after a few hours.', '2025-06-27 11:35:00'),
	(45, 6, 17, 5, 'The best in the series. Every character is memorable.', '2025-06-27 11:40:00'),
	(46, 10, 19, 3, 'Solid gameplay but the story could use more depth.', '2025-06-27 11:45:00'),
	(47, 21, 2, 5, 'Strategic gameplay at its finest. So many options and playstyles.', '2025-06-27 11:50:00'),
	(48, 21, 4, 4, 'Good but the learning curve is steep. Not for casual gamers.', '2025-06-27 11:55:00'),
	(49, 21, 6, 5, 'Perfect balance of strategy and action. I keep coming back to it.', '2025-06-27 12:00:00'),
	(50, 22, 8, 5, 'Historic battles have never been this fun! Graphics are stunning.', '2025-06-27 12:05:00'),
	(51, 22, 10, 4, 'Great game, but needs more unique factions.', '2025-06-27 12:10:00'),
	(52, 22, 12, 5, 'I was skeptical at first, but now I\'m addicted. The multiplayer is incredible.', '2025-06-27 12:15:00'),
	(53, 23, 14, 3, 'Not as good as the original. The remaster feels rushed.', '2025-06-27 12:20:00'),
	(54, 23, 16, 4, 'Brings back great memories. The custom map editor is amazing.', '2025-06-27 12:25:00'),
	(55, 23, 18, 3, 'Some good improvements, but still has technical issues.', '2025-06-27 12:30:00'),
	(56, 24, 20, 5, 'A perfect remaster. They\'ve maintained the soul of the original.', '2025-06-27 12:35:00'),
	(57, 24, 1, 4, 'The nostalgia is real! Classic gameplay with modern conveniences.', '2025-06-27 12:40:00'),
	(58, 24, 3, 5, 'The soundtrack alone is worth the price. Gameplay holds up amazingly.', '2025-06-27 12:45:00'),
	(59, 25, 5, 4, 'Fresh take on the series. The campaign is challenging and rewarding.', '2025-06-27 12:50:00'),
	(60, 25, 7, 5, 'The tactical options are vast. Each mission feels unique.', '2025-06-27 12:55:00'),
	(61, 25, 9, 3, 'Good but not revolutionary. Some mechanics feel outdated.', '2025-06-27 13:00:00'),
	(62, 26, 11, 5, 'The most detailed city builder I\'ve ever played. So many options!', '2025-06-27 13:05:00'),
	(63, 26, 13, 4, 'Great simulation depth, but the UI can be overwhelming.', '2025-06-27 13:10:00'),
	(64, 26, 15, 5, 'Hours disappear when I play this. The DLC adds so much value.', '2025-06-27 13:15:00'),
	(65, 27, 17, 3, 'Feels dated compared to newer city builders, but still has charm.', '2025-06-27 13:20:00'),
	(66, 27, 19, 4, 'The classic that started it all. Still fun after all these years.', '2025-06-27 13:25:00'),
	(67, 27, 2, 3, 'Nostalgic but limited compared to modern titles.', '2025-06-27 13:30:00'),
	(68, 28, 4, 5, 'Hilarious and engaging. The political satire is spot on.', '2025-06-27 13:35:00'),
	(69, 28, 6, 4, 'Very unique compared to other city builders. Love the humor.', '2025-06-27 13:40:00'),
	(70, 28, 8, 5, 'Being an eccentric dictator has never been this fun!', '2025-06-27 13:45:00'),
	(71, 29, 10, 5, 'The industrial era setting is refreshing. So many details to manage!', '2025-06-27 13:50:00'),
	(72, 29, 12, 4, 'Beautiful graphics and deep systems. Can be overwhelming at first.', '2025-06-27 13:55:00'),
	(73, 29, 14, 5, 'The trade system is brilliantly implemented. Hours of strategic fun.', '2025-06-27 14:00:00'),
	(74, 30, 16, 4, 'Mars colonization is challenging and rewarding. Great atmosphere.', '2025-06-27 14:05:00'),
	(75, 30, 18, 3, 'Interesting concept but gets repetitive after a while.', '2025-06-27 14:10:00'),
	(76, 30, 20, 5, 'The disasters keep you on your toes. Very immersive experience.', '2025-06-27 14:15:00'),
	(77, 31, 1, 5, 'The story and character development are phenomenal. Best in the series.', '2025-06-27 14:20:00'),
	(78, 31, 3, 4, 'Excellent tactical gameplay, though some classes feel unbalanced.', '2025-06-27 14:25:00'),
	(79, 31, 5, 5, 'The relationship system adds so much depth to the strategy elements.', '2025-06-27 14:30:00'),
	(80, 32, 7, 4, 'A faithful remake with modern conveniences. Great nostalgic value.', '2025-06-27 14:35:00'),
	(81, 32, 9, 5, 'The perfect mix of accessibility and tactical depth.', '2025-06-27 14:40:00'),
	(82, 32, 11, 3, 'Good but doesn\'t add enough to the original formula.', '2025-06-27 14:45:00'),
	(83, 33, 13, 5, 'The tension is real! Every mission feels like a desperate fight.', '2025-06-27 14:50:00'),
	(84, 33, 15, 4, 'Great strategy game but the RNG can be frustrating at times.', '2025-06-27 14:55:00'),
	(85, 33, 17, 5, 'The customization options are vast. No two playthroughs are the same.', '2025-06-27 15:00:00'),
	(86, 34, 19, 5, 'The most flexible RPG system ever. Freedom to play exactly how you want.', '2025-06-27 15:05:00'),
	(87, 34, 2, 5, 'The co-op experience is unmatched. So many creative solutions to problems.', '2025-06-27 15:10:00'),
	(88, 34, 4, 4, 'Incredible depth, but can be overwhelming for newcomers.', '2025-06-27 15:15:00'),
	(89, 35, 6, 4, 'Great post-apocalyptic atmosphere and interesting moral choices.', '2025-06-27 15:20:00'),
	(90, 35, 8, 5, 'The character interactions and dialogue are top-notch.', '2025-06-27 15:25:00'),
	(91, 35, 10, 3, 'Good but has some technical issues that can be frustrating.', '2025-06-27 15:30:00'),
	(92, 36, 12, 5, 'The ultimate life simulation. So many possibilities!', '2025-06-27 15:35:00'),
	(93, 36, 14, 4, 'Fun but requires too many DLCs for the complete experience.', '2025-06-27 15:40:00'),
	(94, 36, 16, 5, 'Creating stories and watching them unfold is endlessly entertaining.', '2025-06-27 15:45:00'),
	(95, 37, 18, 5, 'The most relaxing game ever. Perfect escape from reality.', '2025-06-27 15:50:00'),
	(96, 37, 20, 4, 'Charming and cute, but content updates are too slow.', '2025-06-27 15:55:00'),
	(97, 37, 1, 5, 'The seasonal events keep the game fresh. Always something new to do.', '2025-06-27 16:00:00'),
	(98, 38, 3, 5, 'The farming mechanics are so satisfying. Love watching my farm grow!', '2025-06-27 16:05:00'),
	(99, 38, 5, 5, 'The perfect indie game. So much heart and content for the price.', '2025-06-27 16:10:00'),
	(100, 38, 7, 4, 'Great game but some of the daily tasks get repetitive.', '2025-06-27 16:15:00'),
	(101, 39, 9, 5, 'The most emotional game I\'ve ever played. Cried multiple times.', '2025-06-27 16:20:00'),
	(102, 39, 11, 5, 'Beautiful art style and meaningful storytelling. A true gem.', '2025-06-27 16:25:00'),
	(103, 39, 13, 4, 'A unique management game with heart. The characters are unforgettable.', '2025-06-27 16:30:00'),
	(104, 40, 15, 4, 'Crafting and building your workshop is very satisfying.', '2025-06-27 16:35:00'),
	(105, 40, 17, 3, 'Fun game but the loading times can be frustrating.', '2025-06-27 16:40:00'),
	(106, 40, 19, 5, 'The mix of farming, crafting, and dungeon crawling is perfect.', '2025-06-27 16:45:00'),
	(107, 41, 2, 5, 'The most engaging MMO storyline ever. Actually feels like a great RPG.', '2025-06-27 16:50:00'),
	(108, 41, 4, 4, 'Excellent for solo players, unlike many other MMOs.', '2025-06-27 16:55:00'),
	(109, 41, 6, 5, 'The community is incredibly welcoming. Best online experience ever.', '2025-06-27 17:00:00'),
	(110, 42, 8, 5, 'The dynamic events make the world feel alive. No subscription fee is a plus!', '2025-06-27 17:05:00'),
	(111, 42, 10, 4, 'Great PvP and world exploration. Story is a bit weak though.', '2025-06-27 17:10:00'),
	(112, 42, 12, 5, 'The mount system and world traversal is the best in any MMO.', '2025-06-27 17:15:00'),
	(113, 43, 14, 4, 'Massive world with tons of lore. Great for Elder Scrolls fans.', '2025-06-27 17:20:00'),
	(114, 43, 16, 5, 'The freedom to build any character type is refreshing for an MMO.', '2025-06-27 17:25:00'),
	(115, 43, 18, 3, 'Good but doesn\'t capture the magic of the single-player games.', '2025-06-27 17:30:00'),
	(116, 44, 20, 5, 'The combat system is unmatched in the MMO space. So fluid!', '2025-06-27 17:35:00'),
	(117, 44, 1, 4, 'Gorgeous visuals and deep systems, but can be grindy.', '2025-06-27 17:40:00'),
	(118, 44, 3, 5, 'The most action-packed MMO I\'ve played. Feels like a proper action game.', '2025-06-27 17:45:00'),
	(119, 45, 5, 4, 'The Star Wars setting is used perfectly. Great for fans of the franchise.', '2025-06-27 17:50:00'),
	(120, 45, 7, 3, 'The story is great but the gameplay feels dated now.', '2025-06-27 17:55:00'),
	(121, 45, 9, 5, 'Playing as a Sith is so satisfying. The voice acting is top-notch.', '2025-06-27 18:00:00'),
	(122, 46, 11, 5, 'The style and substance are both incredible. One of the best JRPGs ever.', '2025-06-27 18:05:00'),
	(123, 46, 13, 5, 'The music and visual design are unmatched. Story is deep and engaging.', '2025-06-27 18:10:00'),
	(124, 46, 15, 4, 'Great game but the calendar system can feel restrictive.', '2025-06-27 18:15:00'),
	(125, 47, 17, 5, 'A perfect blend of classic JRPG charm and modern convenience.', '2025-06-27 18:20:00'),
	(126, 47, 19, 4, 'The characters are lovable and the world is a joy to explore.', '2025-06-27 18:25:00'),
	(127, 47, 2, 5, 'The definitive modern JRPG. Turn-based combat at its finest.', '2025-06-27 18:30:00'),
	(128, 48, 4, 4, 'The Ghibli-esque art style is beautiful. Combat is fun if a bit simple.', '2025-06-27 18:35:00'),
	(129, 48, 6, 5, 'The kingdom building aspect adds a fresh dimension to the JRPG formula.', '2025-06-27 18:40:00'),
	(130, 48, 8, 3, 'Looks great but the story is somewhat predictable.', '2025-06-27 18:45:00'),
	(131, 49, 10, 5, 'The combat system is a perfect evolution of the Tales series.', '2025-06-27 18:50:00'),
	(132, 49, 12, 4, 'Great character development and exciting battle system.', '2025-06-27 18:55:00'),
	(133, 49, 14, 5, 'The visuals are stunning and the story tackles mature themes effectively.', '2025-06-27 19:00:00'),
	(134, 50, 16, 5, 'The pixel art is gorgeous and the multiple storylines are all engaging.', '2025-06-27 19:05:00'),
	(135, 50, 18, 4, 'Innovative battle system, though some stories are better than others.', '2025-06-27 19:10:00'),
	(136, 50, 20, 5, 'The music and art direction create an incredible atmosphere.', '2025-06-27 19:15:00'),
	(137, 51, 1, 5, 'A true indie masterpiece. The way it subverts expectations is brilliant.', '2025-06-27 19:20:00'),
	(138, 51, 3, 5, 'The humor and heart in this game are unmatched. So many surprises.', '2025-06-27 19:25:00'),
	(139, 51, 5, 4, 'Unique and charming, though some puzzles can be obtuse.', '2025-06-27 19:30:00'),
	(140, 52, 7, 5, 'The most innovative RPG in years. The writing is absolutely stellar.', '2025-06-27 19:35:00'),
	(141, 52, 9, 5, 'A detective game like no other. Your choices truly matter.', '2025-06-27 19:40:00'),
	(142, 52, 11, 4, 'Brilliant writing but can be slow-paced for some players.', '2025-06-27 19:45:00'),
	(143, 53, 13, 5, 'Each run feels fresh and exciting. The art and music are phenomenal.', '2025-06-27 19:50:00'),
	(144, 53, 15, 5, 'Roguelikes don\'t get better than this. The story integration is perfect.', '2025-06-27 19:55:00'),
	(145, 53, 17, 4, 'Great gameplay loop but can get repetitive after many hours.', '2025-06-27 20:00:00'),
	(146, 54, 19, 5, 'The animation is a work of art. Difficult but fair challenge.', '2025-06-27 20:05:00'),
	(147, 54, 2, 4, 'Beautiful game but the difficulty might turn some players away.', '2025-06-27 20:10:00'),
	(148, 54, 4, 5, 'The boss designs are incredibly creative. So satisfying to master.', '2025-06-27 20:15:00'),
	(149, 55, 6, 5, 'Even better than the original. So many quality of life improvements.', '2025-06-27 20:20:00'),
	(150, 55, 8, 4, 'The new areas and crops add great variety to the gameplay.', '2025-06-27 20:25:00'),
	(151, 55, 10, 5, 'The multiplayer features make the farm feel truly alive.', '2025-06-27 20:30:00'),
	(152, 56, 12, 5, 'The tactical gameplay adapts perfectly to the Gears universe.', '2025-06-27 20:35:00'),
	(153, 56, 14, 4, 'Great strategy game but a bit linear compared to XCOM.', '2025-06-27 20:40:00'),
	(154, 56, 16, 5, 'The action cam during attacks makes tactical combat exciting.', '2025-06-27 20:45:00'),
	(155, 57, 18, 5, 'The branching narrative has real consequences. Every choice matters.', '2025-06-27 20:50:00'),
	(156, 57, 20, 4, 'Excellent tactical depth, though some battles can drag on.', '2025-06-27 20:55:00'),
	(157, 57, 1, 5, 'The pixel HD art style is gorgeous. Story is complex and mature.', '2025-06-27 21:00:00'),
	(158, 58, 3, 4, 'Interesting new direction for XCOM. The breach mechanics add nice variety.', '2025-06-27 21:05:00'),
	(159, 58, 5, 3, 'Shorter than main XCOM games, but still offers solid tactical fun.', '2025-06-27 21:10:00'),
	(160, 58, 7, 5, 'The character abilities combine in creative ways. Great squad-based gameplay.', '2025-06-27 21:15:00'),
	(161, 59, 9, 5, 'Even more player freedom than previous games. The systemic gameplay is brilliant.', '2025-06-27 21:20:00'),
	(162, 59, 11, 5, 'The enhanced engine creates beautiful fantasy vistas. Combat is deep and rewarding.', '2025-06-27 21:25:00'),
	(163, 59, 13, 4, 'Great sequel but some mechanics are overly complex.', '2025-06-27 21:30:00'),
	(164, 60, 15, 5, 'The frozen Colorado setting creates a unique post-apocalyptic atmosphere.', '2025-06-27 21:35:00'),
	(165, 60, 17, 4, 'Interesting moral choices with real consequences for your party.', '2025-06-27 21:40:00'),
	(166, 60, 19, 5, 'The character development and writing are excellent. Great tactical combat.', '2025-06-27 21:45:00'),
	(167, 61, 2, 5, 'The most realistic racing sim ever. The weather effects are incredible.', '2025-06-27 21:50:00'),
	(168, 61, 4, 4, 'Beautiful and deep, but the learning curve is steep for casual players.', '2025-06-27 21:55:00'),
	(169, 61, 6, 5, 'The car customization options are vast. Every vehicle feels unique to drive.', '2025-06-27 22:00:00'),
	(170, 62, 8, 5, 'The open world is stunning. So many activities and challenges to complete.', '2025-06-27 22:05:00'),
	(171, 62, 10, 5, 'Mexico is the perfect setting. The seasonal changes add great variety.', '2025-06-27 22:10:00'),
	(172, 62, 12, 4, 'Fun arcade racing but physics are not as realistic as other sims.', '2025-06-27 22:15:00'),
	(173, 63, 14, 5, 'The off-road racing is incredibly satisfying. Great variety of terrain.', '2025-06-27 22:20:00'),
	(174, 63, 16, 4, 'Dynamic weather creates unpredictable race conditions. Very immersive.', '2025-06-27 22:25:00'),
	(175, 63, 18, 5, 'The career mode offers genuine progression. Car handling is excellent.', '2025-06-27 22:30:00'),
	(176, 64, 20, 5, 'The most authentic F1 experience. The new story mode is engaging.', '2025-06-27 22:35:00'),
	(177, 64, 1, 4, 'Great simulation of the sport, but multiplayer can be inconsistent.', '2025-06-27 22:40:00'),
	(178, 64, 3, 5, 'The attention to detail is amazing. You feel like a real F1 driver.', '2025-06-27 22:45:00'),
	(179, 65, 5, 4, 'The physics model is impressive. Every car has a distinct feel.', '2025-06-27 22:50:00'),
	(180, 65, 7, 3, 'Good but not as polished as previous entries in the series.', '2025-06-27 22:55:00'),
	(181, 65, 9, 5, 'The track selection is diverse and the weather effects are stunning.', '2025-06-27 23:00:00'),
	(182, 66, 11, 5, 'The player models and animations are incredibly realistic.', '2025-06-27 23:05:00'),
	(183, 66, 13, 4, 'Great basketball simulation but the microtransactions are excessive.', '2025-06-27 23:10:00'),
	(184, 66, 15, 5, 'The MyCareer mode tells an engaging story this year.', '2025-06-27 23:15:00'),
	(185, 67, 17, 4, 'Solid improvements to the franchise. The defensive gameplay is more balanced.', '2025-06-27 23:20:00'),
	(186, 67, 19, 3, 'Incremental update rather than revolutionary. Still fun though.', '2025-06-27 23:25:00'),
	(187, 67, 2, 5, 'The most realistic football gameplay yet. Physics engine is impressive.', '2025-06-27 23:30:00'),
	(188, 68, 4, 4, 'Great football game but very similar to last year\'s version.', '2025-06-27 23:35:00'),
	(189, 68, 6, 5, 'The career mode improvements make this the best FIFA in years.', '2025-06-27 23:40:00'),
	(190, 68, 8, 3, 'Gameplay is good but EA\'s monetization is getting worse.', '2025-06-27 23:45:00'),
	(191, 69, 10, 5, 'The ball physics and player movements are incredibly realistic.', '2025-06-27 23:50:00'),
	(192, 69, 12, 4, 'Better than FIFA in terms of pure gameplay, but lacks some licenses.', '2025-06-27 23:55:00'),
	(193, 69, 14, 5, 'The master league mode offers deep team management. Very satisfying.', '2025-06-28 00:00:00'),
	(194, 70, 16, 4, 'Good comeback for the series, though still catching up to 2K.', '2025-06-28 00:05:00'),
	(195, 70, 18, 3, 'The gameplay is improving but still feels a bit stiff compared to competitors.', '2025-06-28 00:10:00'),
	(196, 70, 20, 5, 'The street basketball mode is incredibly fun with friends.', '2025-06-28 00:15:00'),
	(197, 71, 1, 5, 'The miniature cars are perfectly recreated. Racing feels fast and fun.', '2025-06-28 00:20:00'),
	(198, 71, 3, 4, 'Great arcade racer but could use more track variety.', '2025-06-28 00:25:00'),
	(199, 71, 5, 5, 'Building and customizing tracks is addictively fun.', '2025-06-28 00:30:00'),
	(200, 72, 7, 5, 'The remaster is gorgeous and the gameplay holds up perfectly.', '2025-06-28 00:35:00'),
	(201, 72, 9, 4, 'Fun kart racer with great characters, though online can be laggy.', '2025-06-28 00:40:00'),
	(202, 72, 11, 5, 'The adventure mode is surprisingly engaging for a kart racer.', '2025-06-28 00:45:00'),
	(203, 73, 13, 4, 'Creating and sharing tracks is incredibly fun. Pure arcade joy.', '2025-06-28 00:50:00'),
	(204, 73, 15, 5, 'The time trials are addictive. Always trying to shave off milliseconds.', '2025-06-28 00:55:00'),
	(205, 73, 17, 3, 'Fun but the track design can be frustratingly difficult at times.', '2025-06-28 01:00:00'),
	(206, 74, 19, 5, 'The destruction physics are incredibly satisfying. Chaotic fun.', '2025-06-28 01:05:00'),
	(207, 74, 2, 4, 'Great demolition derby game, though career mode is a bit repetitive.', '2025-06-28 01:10:00'),
	(208, 74, 4, 5, 'Crashing has never been this fun. The damage modeling is impressive.', '2025-06-28 01:15:00'),
	(209, 75, 6, 5, 'The remaster brings this classic up to modern standards. Pure adrenaline.', '2025-06-28 01:20:00'),
	(210, 75, 8, 4, 'The open world is fun to explore, though not as detailed as modern games.', '2025-06-28 01:25:00'),
	(211, 75, 10, 5, 'Taking down opponents in high-speed crashes never gets old.', '2025-06-28 01:30:00'),
	(212, 76, 12, 5, 'The new fighting mechanics add depth while keeping the core gameplay intact.', '2025-06-28 01:35:00'),
	(213, 76, 14, 4, 'Gorgeous fighter with great netcode. Some characters need balancing.', '2025-06-28 01:40:00'),
	(214, 76, 16, 5, 'The story mode is surprisingly engaging for a fighting game.', '2025-06-28 01:45:00'),
	(215, 77, 18, 5, 'The reboot breathes new life into the franchise. Combat feels fresh.', '2025-06-28 01:50:00'),
	(216, 77, 20, 4, 'Fatalities are more creative than ever. Great roster of fighters.', '2025-06-28 01:55:00'),
	(217, 77, 1, 5, 'The story mode is like an interactive movie. Incredibly well-produced.', '2025-06-28 02:00:00'),
	(218, 78, 3, 4, 'Solid fighting mechanics but the roster feels small without DLC.', '2025-06-28 02:05:00'),
	(219, 78, 5, 5, 'The definitive Street Fighter experience. Perfect balance of old and new.', '2025-06-28 02:10:00'),
	(220, 78, 7, 3, 'Good core gameplay but launched with too few features.', '2025-06-28 02:15:00'),
	(221, 79, 9, 5, 'The animation is jaw-dropping. Feels like controlling the anime.', '2025-06-28 02:20:00'),
	(222, 79, 11, 4, 'Great fighting game but the combo system has a steep learning curve.', '2025-06-28 02:25:00'),
	(223, 79, 13, 5, 'The roster includes all my favorite characters. Spectacular visual effects.', '2025-06-28 02:30:00'),
	(224, 80, 15, 5, 'The rock-paper-scissors combo system creates deep strategic battles.', '2025-06-28 02:35:00'),
	(225, 80, 17, 4, 'Gorgeous anime fighter with solid netcode. Some characters are overpowered.', '2025-06-28 02:40:00'),
	(226, 80, 19, 5, 'The soundtrack alone is worth the price. Fights feel cinematic.', '2025-06-28 02:45:00'),
	(227, 81, 2, 5, 'Every run tells a story. The relationship between gameplay and narrative is perfect.', '2025-06-28 02:50:00'),
	(228, 81, 4, 5, 'The voice acting and music create an incredible atmosphere. Addictive gameplay.', '2025-06-28 02:55:00'),
	(229, 81, 6, 4, 'Great roguelike but can get repetitive after completing the main story.', '2025-06-28 03:00:00'),
	(230, 82, 8, 5, 'The hand-drawn animation is a work of art. Challenging but fair.', '2025-06-28 03:05:00'),
	(231, 82, 10, 4, 'Beautiful game but the difficulty can be frustrating for some players.', '2025-06-28 03:10:00'),
	(232, 82, 12, 5, 'The boss designs are incredibly creative. So satisfying to master.', '2025-06-28 03:15:00'),
	(233, 83, 14, 5, 'Even better than the original. The new abilities add great variety.', '2025-06-28 03:20:00'),
	(234, 83, 16, 4, 'Gorgeous metroidvania with challenging boss fights.', '2025-06-28 03:25:00'),
	(235, 83, 18, 5, 'The map design and exploration are masterful. Every area feels unique.', '2025-06-28 03:30:00'),
	(236, 84, 20, 5, 'The simple mechanics hide surprising depth. Perfect difficulty curve.', '2025-06-28 03:35:00'),
	(237, 84, 1, 4, 'Beautiful platformer with a touching story. Some sections are very challenging.', '2025-06-28 03:40:00'),
	(238, 84, 3, 5, 'The accessibility options make this challenging game available to everyone.', '2025-06-28 03:45:00'),
	(239, 85, 5, 5, 'Builds on everything that made the original great. So many new features.', '2025-06-28 03:50:00'),
	(240, 85, 7, 4, 'The new farm layouts offer more creative freedom. Relaxing and addictive.', '2025-06-28 03:55:00'),
	(241, 85, 9, 5, 'The expanded social features make the town feel alive. Great writing.', '2025-06-28 04:00:00'),
	(242, 86, 11, 5, 'The puzzles are mind-bending in the best way. Excellent writing and humor.', '2025-06-28 04:05:00'),
	(243, 86, 13, 5, 'The co-op mode creates hilarious moments. GLaDOS is as funny as ever.', '2025-06-28 04:10:00'),
	(244, 86, 15, 4, 'Classic puzzle game but could be longer. Left wanting more.', '2025-06-28 04:15:00'),
	(245, 87, 17, 5, 'The synesthesia of music, visuals, and gameplay is breathtaking.', '2025-06-28 04:20:00'),
	(246, 87, 19, 4, 'A transcendent experience in VR. The classic gameplay feels fresh.', '2025-06-28 04:25:00'),
	(247, 87, 2, 5, 'The most relaxing and meditative game I\'ve ever played. Beautiful.', '2025-06-28 04:30:00'),
	(248, 88, 4, 5, 'The open-ended puzzle design respects the player\'s intelligence.', '2025-06-28 04:35:00'),
	(249, 88, 6, 4, 'Brilliant puzzle design, though some solutions can be obtuse.', '2025-06-28 04:40:00'),
	(250, 88, 8, 5, 'The way puzzles build on previously learned principles is masterful.', '2025-06-28 04:45:00'),
	(254, 90, 16, 5, 'The perspective-shifting mechanic creates amazing moments of discovery.', '2025-06-28 05:05:00'),
	(255, 90, 18, 4, 'Beautiful pixel art and clever puzzles. A true indie classic.', '2025-06-28 05:10:00'),
	(256, 90, 20, 5, 'The soundtrack perfectly complements the dreamy gameplay.', '2025-06-28 05:15:00'),
	(257, 91, 1, 5, 'The perfect game to unwind with. Every season brings something new.', '2025-06-28 05:20:00'),
	(258, 91, 3, 5, 'The progression systems are perfectly paced. Always something to work toward.', '2025-06-28 05:25:00'),
	(259, 91, 5, 4, 'Charming and addictive, though days can get repetitive after a while.', '2025-06-28 05:30:00'),
	(260, 92, 7, 5, 'The way it handles death and grief is beautiful and respectful.', '2025-06-28 05:35:00'),
	(261, 92, 9, 5, 'The art style and character designs are full of personality.', '2025-06-28 05:40:00'),
	(262, 92, 11, 4, 'A unique management game with heart, though gameplay can get repetitive.', '2025-06-28 05:45:00'),
	(263, 93, 13, 5, 'The crafting and relationship systems work together beautifully.', '2025-06-28 05:50:00'),
	(264, 93, 15, 4, 'Great mix of farming, crafting, and dungeon crawling. Some technical issues.', '2025-06-28 05:55:00'),
	(265, 93, 17, 5, 'The character customization allows for many different playstyles.', '2025-06-28 06:00:00'),
	(266, 94, 19, 5, 'The perfect pandemic game. Creating your island paradise is so satisfying.', '2025-06-28 06:05:00'),
	(267, 94, 2, 4, 'Charming and relaxing but the grind can get tedious at times.', '2025-06-28 06:10:00'),
	(268, 94, 4, 5, 'Visiting friend\'s islands and sharing designs is endlessly fun.', '2025-06-28 06:15:00'),
	(269, 95, 6, 5, 'Creating drama and stories with your Sims never gets old.', '2025-06-28 06:20:00'),
	(270, 95, 8, 3, 'Fun core gameplay but requires too many expansion packs for the full experience.', '2025-06-28 06:25:00'),
	(271, 95, 10, 5, 'The building tools are incredibly flexible. Great for creative players.', '2025-06-28 06:30:00'),
	(272, 96, 12, 5, 'The atmosphere and tension are perfectly crafted. Genuinely scary.', '2025-06-28 06:35:00'),
	(273, 96, 14, 4, 'Great horror game but the combat sections can be frustrating.', '2025-06-28 06:40:00'),
	(274, 96, 16, 5, 'The village setting creates a unique horror atmosphere. Memorable characters.', '2025-06-28 06:45:00'),
	(275, 97, 18, 5, 'The asymmetrical multiplayer creates incredibly tense moments.', '2025-06-28 06:50:00'),
	(276, 97, 20, 4, 'Fun with friends, though balance issues can be frustrating.', '2025-06-28 06:55:00'),
	(277, 97, 1, 5, 'The variety of killers keeps the gameplay fresh. Genuinely scary at times.', '2025-06-28 07:00:00'),
	(278, 98, 3, 5, 'The most terrifying co-op experience. Perfect with friends at night.', '2025-06-28 07:05:00'),
	(279, 98, 5, 4, 'Genuinely scary gameplay but can get repetitive on the same maps.', '2025-06-28 07:10:00'),
	(280, 98, 7, 5, 'The sound design is incredible. The tension is unbearable at times.', '2025-06-28 07:15:00'),
	(284, 100, 15, 5, 'The first-person perspective makes the horror more immediate and terrifying.', '2025-06-28 07:35:00'),
	(285, 100, 17, 4, 'Great return to form for the series. Some sections drag a bit.', '2025-06-28 07:40:00'),
	(286, 100, 19, 5, 'The Baker family are some of the most memorable villains in gaming.', '2025-06-28 07:45:00');

-- Dumping structure for table toko_games.subk
DROP TABLE IF EXISTS `subk`;
CREATE TABLE IF NOT EXISTS `subk` (
  `id` int NOT NULL AUTO_INCREMENT,
  `nama` varchar(100) COLLATE utf8mb4_general_ci DEFAULT NULL,
  PRIMARY KEY (`id`)
) ENGINE=InnoDB DEFAULT CHARSET=utf8mb4 COLLATE=utf8mb4_general_ci;

-- Dumping data for table toko_games.subk: ~0 rows (approximately)
DELETE FROM `subk`;

-- Dumping structure for table toko_games.users
DROP TABLE IF EXISTS `users`;
CREATE TABLE IF NOT EXISTS `users` (
  `id` int NOT NULL AUTO_INCREMENT,
  `username` varchar(100) COLLATE utf8mb4_general_ci DEFAULT NULL,
  `email` varchar(100) COLLATE utf8mb4_general_ci DEFAULT NULL,
  `password` varchar(100) COLLATE utf8mb4_general_ci DEFAULT NULL,
  `foto` varchar(255) COLLATE utf8mb4_general_ci DEFAULT NULL,
  PRIMARY KEY (`id`)
) ENGINE=InnoDB AUTO_INCREMENT=33 DEFAULT CHARSET=utf8mb4 COLLATE=utf8mb4_general_ci;

-- Dumping data for table toko_games.users: ~30 rows (approximately)
DELETE FROM `users`;
INSERT INTO `users` (`id`, `username`, `email`, `password`, `foto`) VALUES
	(1, 'GameMaster_01', 'gamemaster01@email.com', 'pass123', '675065f0a978b.jpg'),
	(2, 'PixelPioneer', 'pixel.pioneer@email.com', 'pass123', '676c04fe2b0b6.png'),
	(3, 'QuestSeeker', 'quest.seeker@email.com', 'pass123', NULL),
	(4, 'ProGamerX', 'progamerx@email.com', 'pass123', '675065f0a978b.jpg'),
	(5, 'LevelUpLaura', 'laura.levelup@email.com', 'pass123', NULL),
	(6, 'NoobSlayer99', 'noob.slayer@email.com', 'pass123', '676c04fe2b0b6.png'),
	(7, 'IndieDevFan', 'indie.fan@email.com', 'pass123', NULL),
	(8, 'RetroGamer', 'retro.gamer@email.com', 'pass123', '675065f0a978b.jpg'),
	(9, 'StrategyKing', 'strategy.king@email.com', 'pass123', NULL),
	(10, 'RPG_Fanatic', 'rpg.fanatic@email.com', 'pass123', '676c04fe2b0b6.png'),
	(11, 'SpeedRunnerSam', 'sam.run@email.com', 'pass123', NULL),
	(12, 'CasualPlayer', 'casual.player@email.com', 'pass123', '675065f0a978b.jpg'),
	(13, 'VR_Voyager', 'vr.voyager@email.com', 'pass123', '685f2394b1b4c.jpg'),
	(14, 'MightyMax', 'mighty.max@email.com', 'pass123', '676c04fe2b0b6.png'),
	(15, 'StealthySusan', 'susan.stealth@email.com', 'pass123', NULL),
	(16, 'CosmicChris', 'cosmic.chris@email.com', 'pass123', '675065f0a978b.jpg'),
	(17, 'DungeonMaster', 'dungeon.master@email.com', 'pass123', NULL),
	(18, 'Cyberpunk_Cody', 'cody.cyber@email.com', 'pass123', '676c04fe2b0b6.png'),
	(19, 'FantasyFiend', 'fantasy.fiend@email.com', 'pass123', NULL),
	(20, 'ZombieZoe', 'zoe.zombie@email.com', 'pass123', '675065f0a978b.jpg'),
	(21, 'MarioFan', 'mario.fan@email.com', 'pass123', 'e3nmb-kua0.avif'),
	(22, 'ZeldaHero', 'zelda.hero@email.com', 'pass123', 'aknnhs-xn-.avif'),
	(23, 'FPSPro', 'fps.pro@email.com', 'pass123', '8wd6kvqvluv8hzzosotwtg.avif'),
	(24, 'SimQueen', 'sim.queen@email.com', 'pass123', 'qvjtc65vbzmexfegzrgs7u.avif'),
	(25, 'PuzzleKing', 'puzzle.king@email.com', 'pass123', '9786020651927_Funiculi_Funicula_cov.avif'),
	(26, 'HorrorAddict', 'horror.addict@email.com', 'pass123', 'a_Pandemic_of_love-indo-cov_page-0001.avif'),
	(27, 'RacerX', 'racer.x@email.com', 'pass123', '25n7v4-a3l.avif'),
	(28, 'SportsGuru', 'sports.guru@email.com', 'pass123', '5d98139zna.avif'),
	(29, 'BuilderBob', 'builder.bob@email.com', 'pass123', 'n831xcr33-.avif'),
	(30, 'IndieStar', 'indie.star@email.com', 'pass123', 'i2wjpuayv5xcmwcb7bhjkp.avif'),
	(31, 'test', 'tes@tes.com', '123', '6860241995461.jpg'),
	(32, 'admin', 'admin@admin.com', 'Polystree11', NULL);

-- Dumping structure for table toko_games.wishlist
DROP TABLE IF EXISTS `wishlist`;
CREATE TABLE IF NOT EXISTS `wishlist` (
  `id` int NOT NULL AUTO_INCREMENT,
  `produk_id` int DEFAULT NULL,
  `user_id` int DEFAULT NULL,
  PRIMARY KEY (`id`),
  KEY `produk_id` (`produk_id`),
  KEY `user_id` (`user_id`),
  CONSTRAINT `wishlist_ibfk_1` FOREIGN KEY (`produk_id`) REFERENCES `produk` (`id`) ON DELETE CASCADE,
  CONSTRAINT `wishlist_ibfk_2` FOREIGN KEY (`user_id`) REFERENCES `users` (`id`) ON DELETE CASCADE
) ENGINE=InnoDB AUTO_INCREMENT=54 DEFAULT CHARSET=utf8mb4 COLLATE=utf8mb4_general_ci;

-- Dumping data for table toko_games.wishlist: ~29 rows (approximately)
DELETE FROM `wishlist`;
INSERT INTO `wishlist` (`id`, `produk_id`, `user_id`) VALUES
	(1, 17, 1),
	(2, 10, 2),
	(3, 1, 3),
	(4, 7, 4),
	(5, 11, 5),
	(6, 20, 6),
	(7, 18, 7),
	(8, 4, 8),
	(9, 5, 9),
	(10, 2, 10),
	(15, 98, 13),
	(37, 95, 31),
	(39, 90, 31),
	(40, 92, 31),
	(41, 87, 31),
	(42, 85, 31),
	(43, 83, 31),
	(44, 70, 31),
	(45, 76, 31),
	(46, 69, 31),
	(47, 67, 31),
	(48, 62, 31),
	(49, 63, 31),
	(50, 53, 31),
	(51, 52, 31),
	(52, 46, 31),
	(53, 42, 31);

/*!40103 SET TIME_ZONE=IFNULL(@OLD_TIME_ZONE, 'system') */;
/*!40101 SET SQL_MODE=IFNULL(@OLD_SQL_MODE, '') */;
/*!40014 SET FOREIGN_KEY_CHECKS=IFNULL(@OLD_FOREIGN_KEY_CHECKS, 1) */;
/*!40101 SET CHARACTER_SET_CLIENT=@OLD_CHARACTER_SET_CLIENT */;
/*!40111 SET SQL_NOTES=IFNULL(@OLD_SQL_NOTES, 1) */;
